ESW-56,
ESW-81,REQ-2-ESW-1220,REQ-2-ESW-1225,REQ-2-ESW-1230
ESW-86,REQ-2-ESW-1055,REQ-2-ESW-1545
ESW-87,REQ-2-ESW-1255
ESW-88,REQ-2-ESW-1260
ESW-89,REQ-2-ESW-1245
ESW-90,
ESW-91,REQ-2-ESW-1055,REQ-2-ESW-1545
ESW-92,REQ-2-ESW-1055,REQ-2-ESW-1545
ESW-93,REQ-2-ESW-1055,REQ-2-ESW-1545
ESW-94,REQ-2-ESW-1055,REQ-2-ESW-1545
ESW-95,REQ-2-ESW-1555
ESW-98,REQ-2-ESW-1055,REQ-2-ESW-1545
ESW-100,REQ-2-ESW-1055,REQ-2-ESW-1545
ESW-101,REQ-2-ESW-1055,REQ-2-ESW-1545
ESW-102,REQ-2-ESW-1278,REQ-2-ESW-1340
ESW-103,REQ-2-ESW-1278,REQ-2-ESW-1310
ESW-104,REQ-2-ESW-1350
ESW-105,REQ-2-ESW-1350
ESW-106,REQ-2-ESW-1355
ESW-107,REQ-2-ESW-1355
ESW-108,REQ-2-ESW-1360
ESW-110,
ESW-111,
ESW-112,
ESW-113,
ESW-114,
ESW-118,REQ-2-ESW-1201
ESW-119,REQ-2-ESW-1205
ESW-120,REQ-2-ESW-1055,REQ-2-ESW-1235
ESW-121,REQ-2-ESW-1055,REQ-2-ESW-1235
ESW-122,REQ-2-ESW-1055,REQ-2-ESW-1235
ESW-123,REQ-2-ESW-1055,REQ-2-ESW-1235
ESW-124,REQ-2-ESW-1055,REQ-2-ESW-1235
ESW-125,REQ-2-ESW-1055,REQ-2-ESW-1235
ESW-126,REQ-2-ESW-1055,REQ-2-ESW-1235
ESW-127,REQ-2-ESW-1055,REQ-2-ESW-1235
ESW-132,REQ-2-ESW-1257
ESW-133,REQ-2-ESW-1258
ESW-134,REQ-2-ESW-1262
ESW-136,REQ-2-ESW-1340
ESW-137,REQ-2-ESW-1350
ESW-138,REQ-2-ESW-1350
ESW-139,
ESW-141,
ESW-142,
ESW-143,REQ-2-ESW-1201
ESW-144,REQ-2-ESW-1205
ESW-145,REQ-2-ESW-1210
ESW-146,REQ-2-ESW-1210
ESW-147,REQ-2-ESW-1325
ESW-148,REQ-2-ESW-1205
ESW-149,REQ-2-ESW-1320
ESW-150,REQ-2-ESW-1340
ESW-151,REQ-2-ESW-1330
ESW-153,REQ-2-ESW-1340
ESW-154,REQ-2-ESW-1310
ESW-155,REQ-2-ESW-1350
ESW-156,REQ-2-ESW-1350
ESW-157,REQ-2-ESW-1365
ESW-158,REQ-2-ESW-1370
ESW-160,REQ-2-ESW-1265
ESW-162,REQ-2-ESW-1278,REQ-2-ESW-1267,REQ-2-ESW-1280
ESW-164,REQ-2-ESW-1270
ESW-166,REQ-2-ESW-1270
ESW-167,REQ-2-ESW-1270
ESW-168,REQ-2-ESW-1273
ESW-169,REQ-2-ESW-1275
ESW-170,REQ-2-ESW-1275
ESW-171,REQ-2-ESW-1285
ESW-172,REQ-2-ESW-1285
ESW-173,REQ-2-ESW-1285
ESW-174,REQ-2-ESW-1290
ESW-176,REQ-2-ESW-1270
ESW-178,REQ-2-ESW-1270
ESW-179,REQ-2-ESW-1270
ESW-180,REQ-2-ESW-3520
ESW-183,
ESW-184,
ESW-185,
ESW-190,REQ-2-ESW-1210
ESW-193,REQ-2-ESW-1055,REQ-2-ESW-1545
ESW-194,
ESW-195,REQ-2-ESW-1055,REQ-2-ESW-1235
ESW-197,
ESW-200,
ESW-213,REQ-2-ESW-1365
ESW-214,
ESW-215,
ESW-216,
ESW-221,REQ-2-ESW-1310
ESW-222,
ESW-223,REQ-2-ESW-1055,REQ-2-ESW-1545
ESW-233,REQ-2-ESW-1055,REQ-2-ESW-1545
ESW-236,REQ-2-ESW-1055,REQ-2-ESW-1235
ESW-237,
ESW-241,
ESW-243,
ESW-244,
ESW-245,
ESW-246,
ESW-249,
ESW-250,REQ-2-ESW-1055,REQ-2-ESW-1545
ESW-251,
ESW-252,
ESW-254,REQ-2-ESW-1055,REQ-2-ESW-1545
ESW-255,
ESW-256,
ESW-258,REQ-2-ESW-1055,REQ-2-ESW-1545
ESW-276,
ESW-277,
ESW-278,
ESW-279,
ESW-287,
ESW-290,REQ-2-ESW-1245
ESW-291,
ESW-294,
ESW-303,
ESW-324,REQ-2-ESW-1270
ESW-325,
ESW-326,REQ-2-ESW-1270
ESW-327,REQ-2-ESW-1270
ESW-329,REQ-2-ESW-1270
ESW-332,REQ-2-ESW-1285
ESW-337,
ESW-338,
ESW-340,
ESW-342,
ESW-345,
ESW-346,
ESW-347,
ESW-349,
ESW-351,REQ-2-ESW-1270
ESW-355,
ESW-357,REQ-2-ESW-1280
ESW-358,
ESW-360,
ESW-361,
ESW-362,
ESW-366,
ESW-367,
ESW-372,
ESW-376,REQ-2-ESW-1550
ESW-378,
ESW-379,
ESW-386,
ESW-421,REQ-2-ESW-1220
ESW-441,REQ-2-ESW-1295,REQ-2-ESW-1285
ESW-442,REQ-2-ESW-1295,REQ-2-ESW-1285
ESW-443,REQ-2-ESW-1295,REQ-2-ESW-1285
ESW-444,REQ-2-ESW-1295,REQ-2-ESW-1285
ESW-445,REQ-2-ESW-1295,REQ-2-ESW-1285
ESW-446,REQ-2-ESW-1295,REQ-2-ESW-1285
ESW-447,REQ-2-ESW-1295,REQ-2-ESW-1285
ESW-450,REQ-2-ESW-1300
ESW-451,REQ-2-ESW-1300
ESW-453,REQ-2-ESW-1300
ESW-454,REQ-2-ESW-1300
ESW-455,REQ-2-ESW-1300
ESW-456,REQ-2-ESW-1300
ESW-457,REQ-2-ESW-1300
ESW-458,REQ-2-ESW-1305
ESW-459,REQ-2-ESW-1305
ESW-461,REQ-2-ESW-1305
ESW-462,REQ-2-ESW-1305
ESW-466,
ESW-467,
ESW-471,REQ-2-ESW-3520
ESW-473,
ESW-480,
ESW-481,
ESW-482,
ESW-489,
ESW-490,
ESW-491,
ESW-492,
ESW-493,REQ-2-ESW-1305
ESW-494,REQ-2-ESW-1305
ESW-496,REQ-2-ESW-1300
ESW-497,REQ-2-ESW-1305
ESW-500,REQ-2-ESW-1305
ESW-501,REQ-2-ESW-1305
ESW-502,
ESW-503,REQ-2-ESW-1300
ESW-505,
ESW-506,
ESW-507,
ESW-509,REQ-2-ESW-1305
ESW-510,
ESW-511,
ESW-512,
ESW-514,REQ-2-ESW-1305
ESW-527,
ESW-529,
ESW-531,
ESW-532,
ESW-537,
ESW-542,
ESW-550,REQ-2-ESW-1305
ESW-561,
ESW-565,
ESW-566,
ESW-581,
ESW-583,
ESW-584,
